user_type,percentage_of_users
active,37.5
moderate,16.666666666666668
light,45.833333333333336